Epoch,Mode,Loss,Accuracy
1,train,580.5591274545466,
1,test,287.94590722563123,
2,train,215.5608671071304,
2,test,120.71760064335496,
